{
  "tags" : [ {
    "ID" : 0,
    "pose" : {
      "translation" : {
        "x" : -0.0035306,
        "y" : 7.578928199999999,
        "z" : 0.8858503999999999
      },
      "rotation" : {
        "quaternion" : {
          "W" : 1.0,
          "X" : 0.0,
          "Y" : 0.0,
          "Z" : 0.0
        }
      }
    }
  }, {
    "ID" : 1,
    "pose" : {
      "translation" : {
        "x" : 3.2327088,
        "y" : 5.486654,
        "z" : 1.7254728
      },
      "rotation" : {
        "quaternion" : {
          "W" : 1.0,
          "X" : 0.0,
          "Y" : 0.0,
          "Z" : 0.0
        }
      }
    }
  }, {
    "ID" : 2,
    "pose" : {
      "translation" : {
        "x" : 3.067812,
        "y" : 5.3305202,
        "z" : 1.3762228
      },
      "rotation" : {
        "quaternion" : {
          "W" : 0.7071067811865476,
          "X" : 0.0,
          "Y" : 0.0,
          "Z" : -0.7071067811865475
        }
      }
    }
  }, {
    "ID" : 3,
    "pose" : {
      "translation" : {
        "x" : 0.0039878,
        "y" : 5.058536999999999,
        "z" : 0.80645
      },
      "rotation" : {
        "quaternion" : {
          "W" : 1.0,
          "X" : 0.0,
          "Y" : 0.0,
          "Z" : 0.0
        }
      }
    }
  }, {
    "ID" : 4,
    "pose" : {
      "translation" : {
        "x" : 0.0039878,
        "y" : 3.5124898,
        "z" : 0.80645
      },
      "rotation" : {
        "quaternion" : {
          "W" : 1.0,
          "X" : 0.0,
          "Y" : 0.0,
          "Z" : 0.0
        }
      }
    }
  }, {
    "ID" : 5,
    "pose" : {
      "translation" : {
        "x" : 0.12110719999999998,
        "y" : 1.7178274,
        "z" : 0.8906002000000001
      },
      "rotation" : {
        "quaternion" : {
          "W" : 0.9196502204050923,
          "X" : 0.0,
          "Y" : 0.0,
          "Z" : 0.39273842708457407
        }
      }
    }
  }, {
    "ID" : 6,
    "pose" : {
      "translation" : {
        "x" : 0.8733027999999999,
        "y" : 0.9412985999999999,
        "z" : 0.8906002000000001
      },
      "rotation" : {
        "quaternion" : {
          "W" : 0.9196502204050923,
          "X" : 0.0,
          "Y" : 0.0,
          "Z" : 0.39273842708457407
        }
      }
    }
  }, {
    "ID" : 7,
    "pose" : {
      "translation" : {
        "x" : 1.6150844,
        "y" : 0.15725139999999999,
        "z" : 0.8906002000000001
      },
      "rotation" : {
        "quaternion" : {
          "W" : 0.9196502204050923,
          "X" : 0.0,
          "Y" : 0.0,
          "Z" : 0.39273842708457407
        }
      }
    }
  }, {
    "ID" : 10,
    "pose" : {
      "translation" : {
        "x" : 16.4627306,
        "y" : 0.6506718,
        "z" : 0.8858503999999999
      },
      "rotation" : {
        "quaternion" : {
          "W" : 6.123233995736766E-17,
          "X" : 0.0,
          "Y" : 0.0,
          "Z" : 1.0
        }
      }
    }
  }, {
    "ID" : 11,
    "pose" : {
      "translation" : {
        "x" : 13.2350002,
        "y" : 2.743454,
        "z" : 1.7254728
      },
      "rotation" : {
        "quaternion" : {
          "W" : 6.123233995736766E-17,
          "X" : 0.0,
          "Y" : 0.0,
          "Z" : 1.0
        }
      }
    }
  }, {
    "ID" : 12,
    "pose" : {
      "translation" : {
        "x" : 13.391388000000001,
        "y" : 2.8998418,
        "z" : 1.3762228
      },
      "rotation" : {
        "quaternion" : {
          "W" : 0.7071067811865476,
          "X" : 0.0,
          "Y" : 0.0,
          "Z" : 0.7071067811865475
        }
      }
    }
  }, {
    "ID" : 13,
    "pose" : {
      "translation" : {
        "x" : 16.4552122,
        "y" : 3.1755079999999998,
        "z" : 0.80645
      },
      "rotation" : {
        "quaternion" : {
          "W" : 6.123233995736766E-17,
          "X" : 0.0,
          "Y" : 0.0,
          "Z" : 1.0
        }
      }
    }
  }, {
    "ID" : 14,
    "pose" : {
      "translation" : {
        "x" : 16.4552122,
        "y" : 4.7171356,
        "z" : 0.80645
      },
      "rotation" : {
        "quaternion" : {
          "W" : 6.123233995736766E-17,
          "X" : 0.0,
          "Y" : 0.0,
          "Z" : 1.0
        }
      }
    }
  }, {
    "ID" : 15,
    "pose" : {
      "translation" : {
        "x" : 16.3350194,
        "y" : 6.5149729999999995,
        "z" : 0.8937752
      },
      "rotation" : {
        "quaternion" : {
          "W" : -0.37298778257580906,
          "X" : -0.0,
          "Y" : 0.0,
          "Z" : 0.9278362538989199
        }
      }
    }
  }, {
    "ID" : 16,
    "pose" : {
      "translation" : {
        "x" : 15.5904946,
        "y" : 7.292695599999999,
        "z" : 0.8906002000000001
      },
      "rotation" : {
        "quaternion" : {
          "W" : -0.37298778257580906,
          "X" : -0.0,
          "Y" : 0.0,
          "Z" : 0.9278362538989199
        }
      }
    }
  }, {
    "ID" : 17,
    "pose" : {
      "translation" : {
        "x" : 14.847188999999998,
        "y" : 8.0691228,
        "z" : 0.8906002000000001
      },
      "rotation" : {
        "quaternion" : {
          "W" : -0.37298778257580906,
          "X" : -0.0,
          "Y" : 0.0,
          "Z" : 0.9278362538989199
        }
      }
    }
  }, {
    "ID" : 40,
    "pose" : {
      "translation" : {
        "x" : 7.874127,
        "y" : 4.9131728,
        "z" : 0.7032752
      },
      "rotation" : {
        "quaternion" : {
          "W" : 0.5446390350150271,
          "X" : 0.0,
          "Y" : 0.0,
          "Z" : 0.838670567945424
        }
      }
    }
  }, {
    "ID" : 41,
    "pose" : {
      "translation" : {
        "x" : 7.4312271999999995,
        "y" : 3.759327,
        "z" : 0.7032752
      },
      "rotation" : {
        "quaternion" : {
          "W" : -0.20791169081775934,
          "X" : -0.0,
          "Y" : 0.0,
          "Z" : 0.9781476007338057
        }
      }
    }
  }, {
    "ID" : 42,
    "pose" : {
      "translation" : {
        "x" : 8.585073,
        "y" : 3.3164272,
        "z" : 0.7032752
      },
      "rotation" : {
        "quaternion" : {
          "W" : 0.838670567945424,
          "X" : 0.0,
          "Y" : 0.0,
          "Z" : -0.5446390350150271
        }
      }
    }
  }, {
    "ID" : 43,
    "pose" : {
      "translation" : {
        "x" : 9.0279728,
        "y" : 4.470273,
        "z" : 0.7032752
      },
      "rotation" : {
        "quaternion" : {
          "W" : 0.9781476007338057,
          "X" : 0.0,
          "Y" : 0.0,
          "Z" : 0.20791169081775934
        }
      }
    }
  }, {
    "ID" : 50,
    "pose" : {
      "translation" : {
        "x" : 7.6790296,
        "y" : 4.3261534,
        "z" : 2.4177244
      },
      "rotation" : {
        "quaternion" : {
          "W" : 0.17729273396782605,
          "X" : -0.22744989571511945,
          "Y" : 0.04215534644161733,
          "Z" : 0.9565859910053995
        }
      }
    }
  }, {
    "ID" : 51,
    "pose" : {
      "translation" : {
        "x" : 8.0182466,
        "y" : 3.5642296,
        "z" : 2.4177244
      },
      "rotation" : {
        "quaternion" : {
          "W" : -0.5510435465842192,
          "X" : -0.19063969497246985,
          "Y" : -0.13102303230819815,
          "Z" : 0.8017733354717242
        }
      }
    }
  }, {
    "ID" : 52,
    "pose" : {
      "translation" : {
        "x" : 8.7801704,
        "y" : 3.9034466,
        "z" : 2.4177244
      },
      "rotation" : {
        "quaternion" : {
          "W" : -0.9565859910053994,
          "X" : -0.04215534644161739,
          "Y" : -0.22744989571511942,
          "Z" : 0.17729273396782633
        }
      }
    }
  }, {
    "ID" : 53,
    "pose" : {
      "translation" : {
        "x" : 8.4409534,
        "y" : 4.6653704,
        "z" : 2.4177244
      },
      "rotation" : {
        "quaternion" : {
          "W" : 0.8017733354717241,
          "X" : -0.1310230323081982,
          "Y" : 0.19063969497246983,
          "Z" : 0.5510435465842194
        }
      }
    }
  } ],
  "field" : {
    "length" : 16.4592,
    "width" : 8.2296
  }
}
